Ammar_ammar2003_syedammarasim1045@gmail.com_Flat 9/1 Rimpa Twin Star, Shahrah-e-Faisal,Karachi_2
Emad_sshe2000_syedsaadhasanemad2001@gmail.com_Flat 5/6 Umerkot Colony,Karachi_3
Maaz_mm2003_maazmustaf2003@gmail.com_Unknown_4
Faizan_fz2003_faizankhan882@gmail.com_CIS NED_5
Rafay_rf2003_rafybaig322@gmail.com_CIS NED_6
Abdul Bari_ab2003_abdulbari2001@gmail.com_CIS NED_7
Asim_agent34485_asimsharif1970@gmail.com_DHA Karachi_8
Usaid_us2003_usaidasif2003@gmail.com_CIS NED_9
Mustafa_mm2003_mustafamehdi433@gmail.com_CIS NED_10